Date,AAPL,MSFT,SPY,TLT,GLD
2019-01-02,157.198129,106.608215,250.713538,119.923041,123.642152
2019-01-03,158.634403,107.612132,250.810955,119.586038,124.520356
2019-01-04,157.251771,108.64154,251.397579,120.670462,125.098676
2019-01-07,160.935867,108.074076,254.238387,120.419144,126.911621
2019-01-08,157.566919,105.980744,248.083943,121.628673,125.292952
2019-01-09,153.736299,104.654571,246.151364,121.261427,125.265344
2019-01-10,152.428212,106.812995,245.888065,120.925534,126.409706
2019-01-11,153.955537,105.665709,244.787673,120.054927,126.110904
2019-01-14,150.735952,104.476705,244.353458,119.770079,127.061235
2019-01-15,152.097681,105.4223,246.333442,119.749129,127.588126
2019-01-16,154.692378,106.290552,247.598174,119.236168,126.612402
2019-01-17,151.691124,103.650616,244.114435,120.018217,127.766487
2019-01-18,152.978758,104.175644,246.80061,119.753882,127.158434
2019-01-21,150.122147,102.48512,240.95027,119.732814,125.362713
2019-01-22,155.103824,104.42108,245.420136,119.025776,125.337114
2019-01-23,156.67818,101.943802,242.76486,117.709583,124.032939
2019-01-24,158.278712,103.605365,244.859985,117.851183,125.768428
2019-01-25,157.178797,104.558185,244.639646,116.589605,126.344268
2019-01-28,155.717911,102.158112,241.244743,117.005869,125.323613
2019-01-29,155.217642,102.864588,241.744612,116.527073,125.559367
2019-01-30,150.570503,100.676068,238.263764,116.909945,125.537835
2019-01-31,153.216941,102.810801,242.832816,116.23933,125.362651
2019-02-01,151.846685,102.191765,242.899675,114.729525,123.761929
2019-02-04,154.015895,102.246917,242.751922,114.218878,122.640535
2019-02-05,158.194341,104.496905,245.094795,114.483385,122.456675
2019-02-06,156.739467,104.146228,244.865053,114.160719,123.60533
2019-02-07,159.040091,105.306402,247.142978,114.428384,124.537139
2019-02-08,156.384031,105.670773,243.251083,113.53171,122.315524
2019-02-11,157.334841,105.987536,242.487671,112.898498,119.635235
2019-02-12,155.425859,105.159595,241.268202,111.322164,119.984275
2019-02-13,154.552367,105.978573,243.67393,111.753385,120.031802
2019-02-14,154.533796,106.598232,244.778387,113.082577,121.091368
2019-02-15,156.672753,106.786197,245.008341,113.963099,121.951552
2019-02-18,155.603707,106.768231,245.824755,113.83678,123.919199
2019-02-19,151.027926,104.222484,244.00794,114.303086,124.485111
2019-02-20,152.646003,106.504086,245.700017,114.058322,125.227331
2019-02-21,153.871357,106.030951,244.642232,114.257658,124.820531
2019-02-22,158.929093,109.500254,250.721635,114.387892,123.517755
2019-02-25,163.342382,110.412957,254.330578,115.170108,124.719469
2019-02-26,165.477787,109.951821,255.41889,115.323802,125.4982
2019-02-27,163.340091,109.048679,253.7969,114.827593,125.46078
2019-02-28,162.052175,107.64872,252.002863,116.119954,125.633815
2019-03-01,164.62902,107.031738,252.037934,117.6657,127.687213
2019-03-04,166.972044,108.427628,252.975283,117.170742,125.357093
2019-03-05,169.202135,108.736905,253.408087,116.690707,126.47194
2019-03-06,167.084394,108.521788,253.600867,116.420759,124.762359
2019-03-07,167.391591,107.52852,249.197021,117.607245,126.00191
2019-03-08,168.989416,107.695511,246.024383,119.338897,127.103534
2019-03-11,170.31667,109.228386,246.795607,119.554329,128.667187
2019-03-12,165.77273,109.200878,242.030232,120.095312,128.863131
2019-03-13,160.396946,106.980798,237.927669,119.392997,126.826512
2019-03-14,159.818136,108.224973,238.017118,119.699491,128.31539
2019-03-15,161.22711,108.194436,241.767304,119.021971,129.846125
2019-03-18,159.731883,109.227877,240.70786,118.436157,131.342283
2019-03-19,161.948257,109.373891,244.057317,119.143506,131.697337
2019-03-20,165.608718,109.286023,247.675469,119.434009,131.808458
2019-03-21,161.612735,108.868485,245.252369,119.764825,133.810245
2019-03-22,160.468047,108.210523,243.096305,120.012638,136.270093
2019-03-25,162.752347,109.171218,243.005922,120.781392,136.268219
2019-03-26,155.458297,104.120047,240.347889,119.69552,134.901946
2019-03-27,153.948635,102.011762,239.259353,120.040551,134.903065
2019-03-28,157.406442,102.171685,240.655079,120.630573,135.48302
2019-03-29,156.15485,101.856683,237.453216,119.543863,135.288001
2019-04-01,158.236772,102.939993,238.401389,118.501445,136.357049
2019-04-02,155.352403,101.641838,235.859273,118.690726,139.151895
2019-04-03,153.355017,100.555628,235.576562,118.962756,139.943148
2019-04-04,149.401019,96.008139,232.325521,120.398628,140.37349
2019-04-05,150.841179,98.203648,234.01933,120.934302,140.23021
2019-04-08,147.84171,96.001465,229.938762,122.082832,139.4371
2019-04-09,145.697085,94.591351,230.140828,121.974496,141.152684
2019-04-10,142.03082,91.803552,227.70691,121.5897,141.67921
2019-04-11,142.418155,93.079292,225.938094,119.930743,140.829898
2019-04-12,142.83344,95.879706,229.535843,119.487869,140.256113
2019-04-15,141.682568,94.097668,228.764274,120.060704,140.801083
2019-04-16,143.879644,94.660719,229.652821,120.268029,142.918948
2019-04-17,146.811246,95.798081,231.432957,119.967459,143.244838
2019-04-18,142.244775,94.830162,227.988539,120.101513,141.557319
2019-04-19,140.977375,93.456232,226.113364,120.723774,142.826836
2019-04-22,138.063091,91.394877,221.63024,121.590489,143.677238
2019-04-23,135.128971,90.03734,221.079737,123.504752,145.728162
2019-04-24,134.868578,88.398564,216.526846,125.098948,145.103095
2019-04-25,135.407622,87.627194,216.220661,124.497602,146.694267
2019-04-26,135.83997,87.089166,215.797013,122.797317,146.829987
2019-04-29,136.353325,87.163582,215.127912,121.474324,145.165493
2019-04-30,137.333137,85.605789,214.012308,120.295088,144.439414
2019-05-01,136.291407,86.3024,213.55596,119.980735,143.309186
2019-05-02,133.714681,85.890775,211.188691,120.968868,144.292459
2019-05-03,134.754524,85.198787,208.116444,123.183093,145.677943
2019-05-06,133.762955,86.970544,208.970171,123.811026,147.177944
2019-05-07,133.067683,85.379606,207.294177,124.668262,144.531754
2019-05-08,133.461848,85.811548,208.631875,125.489011,144.249464
2019-05-09,138.355268,88.540449,213.044749,124.304017,145.420147
2019-05-10,137.144131,88.733344,211.206511,125.10168,145.740374
2019-05-13,136.156072,88.32313,212.154588,125.082748,145.977475
2019-05-14,138.161401,88.838769,214.496408,126.260787,146.853707
2019-05-15,137.904083,88.581818,214.137341,126.073492,145.770214
2019-05-16,136.716649,87.269956,214.19306,125.055526,148.29727
2019-05-17,144.04649,91.095505,223.038052,123.234439,147.469101
2019-05-20,144.752209,92.04935,223.21225,123.309414,147.102152
2019-05-21,143.239805,91.82423,221.827988,123.786298,148.569484
2019-05-22,143.88761,91.397103,220.983675,122.74653,147.343843
2019-05-23,142.645013,91.901031,221.020369,123.185846,145.900571
2019-05-24,139.456197,90.917565,218.348435,123.434285,146.771303
2019-05-27,137.887217,89.347298,213.743168,123.212292,145.211174
2019-05-28,140.922647,91.324597,216.753135,122.618819,145.509491
2019-05-29,141.168173,92.557023,215.570514,125.061034,148.680001
2019-05-30,142.835831,93.435706,215.107568,124.209926,148.4304
2019-05-31,144.446649,95.714185,216.900801,124.57664,150.253083
2019-06-03,140.916324,93.751384,214.140487,125.644153,148.14709
2019-06-04,141.612263,95.844671,213.401432,125.960365,148.328422
2019-06-05,137.846633,95.539396,212.59316,126.281588,148.145176
2019-06-06,134.730276,91.420093,208.337083,127.000749,147.491522
2019-06-07,136.000864,92.233654,209.966164,126.259465,145.39765
2019-06-10,134.433019,89.939819,207.703335,126.657967,145.4667
2019-06-11,137.187119,88.737223,208.138732,126.625745,142.842221
2019-06-12,134.588565,90.130429,208.658041,127.891028,141.585127
2019-06-13,136.967046,91.858605,211.451351,125.65223,143.388703
2019-06-14,138.919301,91.981026,214.447092,126.151325,144.741265
2019-06-17,138.822475,93.289059,214.162547,125.252052,144.024189
2019-06-18,146.078578,96.483327,216.908959,128.300907,144.979549
2019-06-19,148.195937,97.245776,218.062025,127.842287,147.235577
2019-06-20,146.028236,98.085556,218.099198,128.769356,146.384153
2019-06-21,141.789808,96.338335,211.733378,127.711488,145.167449
2019-06-24,142.882688,97.238745,212.384236,128.624412,146.85083
2019-06-25,141.377203,97.773453,210.280124,128.514838,147.319235
2019-06-26,140.652727,95.338036,207.853644,129.012669,147.331414
2019-06-27,139.212587,95.652759,207.620619,130.677639,149.125431
2019-06-28,136.348207,97.110512,207.187184,129.112002,149.970338
2019-07-01,136.139856,96.446167,207.275237,128.610234,147.336281
2019-07-02,136.008555,97.708738,206.577125,128.403886,147.254646
2019-07-03,136.675503,99.115722,207.559831,128.145604,146.763583
2019-07-04,132.165881,96.965752,202.693419,126.947136,146.702707
2019-07-05,137.950961,101.141582,206.397661,126.057383,148.924137
2019-07-08,135.166323,98.408501,202.664597,125.124709,149.488653
2019-07-09,132.330504,97.152872,200.141685,126.840207,149.134055
2019-07-10,134.017367,98.842105,200.909352,127.075514,150.382622
2019-07-11,133.25947,102.610207,202.274811,127.412536,149.551519
2019-07-12,137.010792,105.231992,207.406809,127.380868,150.486649
2019-07-15,141.318591,106.912248,210.090229,127.024525,151.009062
2019-07-16,138.807596,105.019892,209.336518,126.561968,148.421336
2019-07-17,140.981203,104.837067,211.57919,127.029687,148.799427
2019-07-18,140.468835,102.952488,209.726784,126.291485,147.569561
2019-07-19,137.264114,100.802948,206.48359,126.098073,146.287002
2019-07-22,135.97049,99.457235,206.066142,125.077015,143.595288
2019-07-23,134.638526,96.575099,205.479282,124.613753,142.65169
2019-07-24,135.189641,96.202775,203.516089,125.22738,142.130058
2019-07-25,137.306186,97.35087,203.865766,126.026384,141.706006
2019-07-26,136.761661,97.658005,205.649297,124.455093,142.748182
2019-07-29,140.002676,99.326981,207.080225,125.817136,144.180166
2019-07-30,142.898727,102.066144,210.163085,126.395048,144.119986
2019-07-31,146.179809,102.073251,211.216248,126.438898,144.506546
2019-08-01,146.858924,102.343658,209.876838,126.317861,141.808014
2019-08-02,152.944583,103.601258,212.025171,127.607328,141.880811
2019-08-05,149.904503,102.969644,213.139464,128.18984,144.80359
2019-08-06,146.65645,101.308828,211.449159,128.225003,144.108655
2019-08-07,146.974751,100.993935,212.502207,129.526223,146.274986
2019-08-08,145.88318,99.626937,207.401577,128.501807,146.847027
2019-08-09,147.853881,99.551153,207.214999,128.337593,146.781927
2019-08-12,151.737511,100.420996,208.133995,129.445496,145.476791
2019-08-13,155.680703,100.43606,206.816085,128.6796,146.591973
2019-08-14,155.433301,101.532519,205.457345,129.787083,148.354109
2019-08-15,159.11898,101.951119,208.129484,128.334675,149.727516
2019-08-16,155.311504,101.743919,206.419109,127.79062,150.831708
2019-08-19,155.396623,102.178066,206.716934,129.281674,151.618391
2019-08-20,149.463742,99.490388,201.862354,129.214364,148.872547
2019-08-21,148.39178,99.135676,199.947343,129.327101,145.818242
2019-08-22,145.380745,97.761132,198.126131,129.547455,145.153677
2019-08-23,146.985002,97.845243,198.752685,130.445994,144.914905
2019-08-26,147.815456,97.25599,196.294396,131.877247,142.938546
2019-08-27,146.947826,97.734229,196.31335,132.253879,142.13524
2019-08-28,143.49772,97.504179,193.424521,134.027019,143.179739
2019-08-29,143.616579,96.525452,192.012883,135.835396,142.939054
2019-08-30,143.424323,97.367404,192.718084,134.736846,143.276549
2019-09-02,142.538026,97.228482,192.461484,136.573586,143.919747
2019-09-03,139.793021,96.742826,190.801307,137.852374,144.789545
2019-09-04,138.929318,94.877263,189.097693,138.517413,144.547286
2019-09-05,139.944799,98.136671,191.325297,138.643653,145.453603
2019-09-06,139.6342,96.944052,190.202725,137.032743,145.642963
2019-09-09,137.24911,94.585967,189.309586,136.930502,147.04423
2019-09-10,135.342609,93.042653,187.735468,135.765533,144.848414
2019-09-11,139.959466,94.920814,190.907167,134.964364,145.91738
2019-09-12,141.19839,97.474014,193.891735,135.781954,145.911628
2019-09-13,137.445792,96.024742,189.325242,136.272251,146.659245
2019-09-16,135.814703,94.590705,188.171224,135.955721,145.202338
2019-09-17,138.48805,95.969245,188.52745,135.91445,143.380323
2019-09-18,138.559997,94.42294,189.254323,135.957912,145.154473
2019-09-19,136.808264,95.972977,189.235758,135.645601,145.052367
2019-09-20,138.619838,95.998357,189.626316,134.758004,146.282186
2019-09-23,138.099248,96.05695,188.169816,132.781227,146.518108
2019-09-24,139.355021,96.026448,189.139391,129.449701,142.691996
2019-09-25,141.654979,94.196927,190.412972,129.34997,143.34678
2019-09-26,139.507119,92.782156,191.159191,130.293976,145.73077
2019-09-27,140.572737,95.662681,192.030747,130.194421,146.138692
2019-09-30,144.521401,97.486934,194.439726,128.39437,148.278809
2019-10-01,141.712891,96.418658,192.920157,128.256186,149.018734
2019-10-02,142.653588,100.28502,195.52685,127.656437,148.281682
2019-10-03,137.97453,98.367572,194.577113,127.641159,146.851381
2019-10-04,140.174754,98.133506,195.486169,127.575968,147.662958
2019-10-07,139.896554,98.912463,196.758641,126.910746,148.709446
2019-10-08,136.895076,98.149611,196.048107,126.387503,150.053965
2019-10-09,142.81541,102.237728,200.203925,125.067693,148.227678
2019-10-10,146.780316,104.238052,203.316129,123.943574,149.99881
2019-10-11,148.270712,104.651915,205.465771,124.567205,151.051415
2019-10-14,145.963895,101.723562,202.150251,125.520938,149.611607
2019-10-15,142.174742,101.389255,202.165257,125.397886,148.906922
2019-10-16,143.674996,103.247549,205.435808,126.141479,151.890585
2019-10-17,137.642916,100.935264,200.486036,125.199016,149.91284
2019-10-18,141.885522,103.594533,202.030866,123.496003,148.284585
2019-10-21,140.354936,102.131338,198.895051,124.240789,146.003638
2019-10-22,138.56852,101.304382,198.804979,123.451119,144.887214
2019-10-23,138.796064,99.676533,199.462034,121.810365,145.784955
2019-10-24,141.5187,100.682626,200.722058,121.681279,146.368047
2019-10-25,139.324638,100.135492,199.406209,122.38313,147.654667
2019-10-28,142.259387,100.961809,202.558226,122.351286,147.147451
2019-10-29,143.159625,103.178998,202.428575,123.390018,147.145977
2019-10-30,141.784784,102.203642,200.23875,122.606769,148.324573
2019-10-31,140.968022,98.561744,199.578492,122.377267,147.974763
2019-11-01,137.167602,98.55663,200.752938,121.539566,146.681727
2019-11-04,141.434246,99.306966,202.636314,121.898732,146.151564
2019-11-05,142.723837,100.226224,201.831795,121.664985,147.991737
2019-11-06,142.558076,101.382138,202.187333,122.212957,146.84988
2019-11-07,147.663068,106.1397,206.592098,120.94963,146.70266
2019-11-08,143.499311,105.157669,203.33816,121.369873,147.175926
2019-11-11,145.137316,103.892214,201.963163,122.224634,147.354068
2019-11-12,145.529097,103.388173,201.994787,121.203665,146.158183
2019-11-13,147.510785,105.447797,201.732213,121.799333,144.732048
2019-11-14,145.292323,106.732407,202.324196,121.223809,142.71653
2019-11-15,144.602371,105.084955,200.510542,120.743562,143.473533
2019-11-18,141.075917,104.424625,199.524544,122.392407,143.947599
2019-11-19,139.763634,104.960485,200.945426,124.219339,143.194462
2019-11-20,139.478226,104.914586,200.498215,122.588296,141.189986
2019-11-21,138.756049,103.136583,199.225358,123.626686,144.075921
2019-11-22,136.466099,102.855924,195.672676,124.287171,142.945818
2019-11-25,136.102177,104.390006,194.015721,125.148455,142.936853
2019-11-26,137.352378,102.952344,194.178817,126.340049,142.85484
2019-11-27,138.89467,102.052764,192.79855,127.176995,141.859919
2019-11-28,141.242711,105.826769,194.504916,126.924183,142.604454
2019-11-29,140.539319,105.680305,193.641638,127.41082,142.266815
2019-12-02,141.21416,107.636157,195.788285,126.833017,141.748106
2019-12-03,139.650776,104.893372,190.880802,127.446418,142.17281
2019-12-04,136.921524,103.593946,186.948352,130.83384,145.371514
2019-12-05,136.461041,106.184479,189.675174,131.669214,144.854154
2019-12-06,134.447751,102.788201,188.162849,131.659042,143.826787
2019-12-09,134.252298,103.489195,189.982095,130.024428,142.766587
2019-12-10,131.25224,102.648114,186.035053,129.640025,140.127457
2019-12-11,131.425149,101.63649,185.747211,129.321074,139.991547
2019-12-12,131.485754,101.180584,184.555643,128.149172,141.474342
2019-12-13,126.515303,98.939432,181.406278,128.961985,140.876001
2019-12-16,129.230883,98.892372,183.706488,129.773735,140.627345
2019-12-17,132.348347,100.523179,187.996149,130.860378,141.107091
2019-12-18,130.505233,100.319939,186.762204,130.56751,140.268327
2019-12-19,132.705327,98.277024,185.533055,130.641142,139.190454
2019-12-20,130.904834,98.333347,184.819646,130.280361,139.743638
2019-12-23,128.551162,96.715463,182.026793,129.976941,139.246496
2019-12-24,129.270509,97.192325,182.498688,131.196497,140.610539
2019-12-25,133.224331,99.09477,185.989681,130.031826,140.835546
2019-12-26,132.513836,98.503694,185.138733,130.674825,141.242118
2019-12-27,134.27646,99.451306,186.697644,132.735492,141.677122
2019-12-30,135.971951,101.474706,188.982648,132.751854,141.895723
2019-12-31,135.39905,101.679791,190.033479,131.037888,140.177134
2020-01-01,137.218676,103.600275,190.171884,131.369335,138.762871
2020-01-02,133.33157,101.166472,186.869445,131.362002,138.981301
2020-01-03,134.992693,101.202539,187.026122,132.113658,140.108414
2020-01-06,143.673025,105.284923,192.474512,132.959941,141.985306
2020-01-07,145.774312,105.648916,191.004119,132.82614,141.848827
2020-01-08,143.941155,103.416305,189.11989,132.367835,140.971525
2020-01-09,142.795938,101.019285,186.98673,133.565738,142.098326
2020-01-10,142.548591,98.695813,185.228132,132.876589,141.376803
2020-01-13,139.110399,98.328318,183.476043,134.587124,142.806898
2020-01-14,139.488307,97.409476,182.908837,134.974235,142.266339
2020-01-15,140.603678,98.38001,185.433834,135.492814,143.668445
2020-01-16,138.189262,97.132125,183.452578,135.711196,145.844408
2020-01-17,143.886313,97.883573,186.67136,133.972471,143.085522
2020-01-20,142.546473,99.360926,186.73595,134.12539,142.986474
2020-01-21,145.409232,102.019179,189.670935,134.992055,144.910913
2020-01-22,144.151554,100.687232,187.649041,133.65547,142.679147
2020-01-23,139.154005,99.940269,185.909047,132.798783,139.870665
2020-01-24,139.48304,99.983475,185.583023,132.1794,140.800745
2020-01-27,141.033274,102.439709,188.237379,130.961524,141.194751
2020-01-28,142.673188,102.827208,189.514191,130.0046,139.082067
2020-01-29,142.163797,103.843389,189.984665,128.67359,137.88957
2020-01-30,142.302022,104.061473,189.301752,126.521318,137.463335
2020-01-31,139.119561,103.82785,188.919026,125.693904,136.92548
2020-02-03,138.231294,104.002217,190.41924,125.401694,137.854626
2020-02-04,139.392196,105.994399,190.551786,124.461429,137.473966
2020-02-05,139.466742,106.036827,189.628908,124.368991,137.26981
2020-02-06,139.346523,106.258784,191.782017,122.400659,137.501202
2020-02-07,139.257828,105.784864,193.007827,120.966828,139.129616
2020-02-10,137.039462,104.97158,193.784838,121.028412,140.15302
2020-02-11,138.619281,105.906191,195.925591,120.028093,141.19082
2020-02-12,142.276342,109.557367,199.498412,120.095943,142.514415
2020-02-13,139.278511,107.260558,196.872094,119.434425,144.043694
2020-02-14,138.281844,105.446708,196.722747,121.316523,144.819226
2020-02-17,140.795169,106.774304,197.457521,121.507385,146.80495
2020-02-18,143.199509,105.793424,196.687494,121.762491,146.905293
2020-02-19,147.181244,106.179707,200.969955,121.965986,146.304965
2020-02-20,145.426354,106.741061,201.286495,121.124835,143.552757
2020-02-21,142.313526,105.454107,199.646442,121.654518,142.057675
2020-02-24,142.39066,106.523255,200.190452,120.163253,141.859006
2020-02-25,146.268462,108.638917,201.09269,119.803675,141.174104
2020-02-26,139.783923,105.365689,196.492152,119.277868,142.804807
2020-02-27,139.242763,105.147,193.961616,121.274426,144.341908
2020-02-28,136.179071,98.936834,182.108401,122.158553,145.611914
2020-03-02,132.42713,95.937033,176.227322,121.974538,147.999869
2020-03-03,130.882391,93.536323,169.97086,122.002139,148.569928
2020-03-04,121.626106,92.375572,165.193501,122.39605,149.760749
2020-03-05,118.553874,90.760428,161.247889,124.589266,150.606171
2020-03-06,116.145248,87.484887,156.530491,125.101122,150.511813
2020-03-09,112.387868,83.026399,152.909384,126.731747,150.22887
2020-03-10,110.797845,81.648856,149.910696,127.774961,149.08233
2020-03-11,110.432222,79.609883,145.641747,128.172893,148.735988
2020-03-12,112.409462,76.270917,142.923273,127.143987,147.667672
2020-03-13,110.455869,74.928291,137.329045,125.986286,147.833243
2020-03-16,110.147169,75.013574,136.315708,125.226782,147.895486
2020-03-17,104.265286,70.500582,128.431911,128.271618,148.044163
2020-03-18,101.707395,68.48499,125.051357,129.46585,148.38973
2020-03-19,99.518983,67.528852,121.728963,130.01686,151.623498
2020-03-20,97.234858,65.338935,118.867669,130.165559,152.34326
2020-03-23,98.229824,64.396182,115.596224,132.281258,152.369633
2020-03-24,93.108148,61.330985,111.563844,133.920464,155.375918
2020-03-25,91.27226,60.748485,109.575446,136.041567,157.080801
2020-03-26,89.220553,58.426659,108.087006,136.971557,156.15743
2020-03-27,88.487343,59.45396,105.181803,136.631299,156.981692
2020-03-30,83.191032,56.915184,101.815089,137.209893,159.52248
2020-03-31,82.394528,54.095766,96.573986,137.736166,164.505871
2020-04-01,82.234257,51.907242,94.435905,137.069813,163.654475
2020-04-02,83.593346,52.856036,94.722825,137.329359,164.825064
2020-04-03,81.290851,52.74674,93.952749,137.831353,165.334774
2020-04-06,80.402086,52.608485,93.135817,137.021544,168.015086
2020-04-07,79.552807,52.375158,93.363419,137.386284,168.378975
2020-04-08,78.744686,51.556782,92.69376,137.587527,169.997281
2020-04-09,79.153898,51.159546,93.259766,136.461311,169.207683
2020-04-10,79.398751,51.541834,93.213927,136.486866,167.824749
2020-04-13,77.155835,50.899204,91.674254,137.113749,168.463385
2020-04-14,80.644207,52.62709,93.688194,135.10956,167.298885
2020-04-15,81.317789,53.132135,95.028216,135.126028,168.118777
2020-04-16,81.604344,53.007841,94.434864,135.94984,169.891287
2020-04-17,82.402251,53.705357,95.685992,134.46565,170.421507
2020-04-20,79.753598,52.356107,94.232771,135.918788,170.193402
2020-04-21,81.111777,52.742168,95.8984,133.230729,167.998464
2020-04-22,80.910148,51.883607,95.838545,132.950075,166.92742
2020-04-23,82.903977,53.278925,96.707836,131.947431,167.228504
2020-04-24,83.799032,54.119059,97.001474,130.615644,168.15067
2020-04-27,82.753948,53.193011,95.824486,130.962587,167.937447
2020-04-28,83.22814,52.766735,95.135748,131.242749,168.587144
2020-04-29,82.43127,51.512224,93.434817,130.325831,167.7438
2020-04-30,83.360581,53.331788,95.414821,129.917541,168.176194
2020-05-01,83.00264,53.102751,95.074498,130.169217,169.52382
2020-05-04,82.879286,53.454383,95.531956,130.529625,169.949444
2020-05-05,81.219262,53.001403,94.336961,131.511105,167.031903
2020-05-06,79.689614,52.814993,93.331916,131.908281,166.164559
2020-05-07,79.157173,52.326859,93.431669,132.252469,168.541611
2020-05-08,77.008779,50.879686,91.589657,131.459198,166.549263
2020-05-11,76.673391,51.157927,91.403669,131.958587,165.224883
2020-05-12,76.973917,50.883119,91.081201,133.196207,165.42374
2020-05-13,76.090822,51.301396,90.407395,133.166576,163.979786
2020-05-14,74.581822,51.371743,89.712023,131.64181,164.27836
2020-05-15,74.077013,51.070565,89.323818,131.418892,163.816357
2020-05-18,76.760492,51.800564,90.706086,130.73225,164.21859
2020-05-19,77.248192,51.728679,90.8413,129.297112,164.05667
2020-05-20,77.294043,51.525967,91.242537,129.351664,163.336242
2020-05-21,75.159758,50.679277,90.432065,130.501174,162.857464
2020-05-22,73.497297,50.462342,90.127465,130.729105,159.792261
2020-05-25,75.932353,52.578887,92.428263,131.276518,161.183207
2020-05-26,77.826491,52.950278,92.281569,131.855001,161.626524
2020-05-27,77.160829,54.350757,92.813646,131.335037,159.126482
2020-05-28,75.254633,52.762962,92.275718,131.254844,161.137755
2020-05-29,73.540661,52.10882,92.176795,131.719653,163.232014
2020-06-01,74.808394,52.725481,91.773302,131.481721,164.87006
2020-06-02,74.474572,53.036874,92.282682,132.341807,163.652944
2020-06-03,72.135773,52.057759,91.087822,132.022481,163.952046
2020-06-04,72.63206,51.966298,91.819162,132.96098,164.880515
2020-06-05,72.774905,52.369822,92.684052,132.293196,166.845197
2020-06-08,72.851758,52.39333,93.390655,132.344375,164.802886
2020-06-09,73.801968,51.897129,93.074075,131.099888,164.698074
2020-06-10,73.910164,51.830747,92.109079,132.098771,164.368037
2020-06-11,73.128885,50.988081,90.777883,133.59574,165.185183
2020-06-12,74.080212,51.143458,90.943428,133.276392,165.059593
2020-06-15,74.515652,50.890022,90.344669,133.625347,165.825012
2020-06-16,79.493052,53.380752,92.6515,133.198741,165.693121
2020-06-17,78.253796,52.902085,92.284487,133.413197,166.256755
2020-06-18,77.875802,51.763794,90.714156,134.004296,165.260719
2020-06-19,80.661643,54.524628,93.817944,132.814913,164.536248
2020-06-22,78.928148,53.328406,92.733325,132.440069,165.103494
2020-06-23,78.766232,53.627034,92.564753,133.675804,164.130407
2020-06-24,77.189031,52.535721,91.901124,134.857634,163.07108
2020-06-25,80.726223,53.425613,92.578376,136.380604,160.923271
2020-06-26,81.234078,53.743109,93.198457,134.921884,161.267643
2020-06-29,84.396179,54.866959,95.771203,135.528349,161.837776
2020-06-30,87.184683,56.058025,96.64124,136.114331,161.472158
2020-07-01,86.074122,55.628395,95.792394,135.24597,161.018304
2020-07-02,85.025333,55.307693,95.836044,135.052067,158.902242
2020-07-03,85.536661,56.715718,97.545299,135.682362,160.117655
2020-07-06,84.435434,56.422651,97.090505,137.13683,161.625945
2020-07-07,83.210918,55.166095,95.491963,136.277533,159.88695
2020-07-08,84.277331,56.356058,96.492142,136.811801,164.1248
2020-07-09,82.065339,55.680595,94.457432,136.519057,163.988777
2020-07-10,80.342284,55.4206,92.871988,136.662382,161.841377
2020-07-13,81.747477,56.752799,93.956197,137.075065,162.551111
2020-07-14,85.010349,57.716084,95.285037,135.535461,162.384035
2020-07-15,84.448017,56.475326,94.367016,135.430146,162.864973
2020-07-16,84.44364,55.988852,94.607407,135.967931,161.86873
2020-07-17,86.047494,56.344397,95.487076,135.46862,158.721017
2020-07-20,88.327517,57.633997,97.248201,134.334675,157.54944
2020-07-21,87.884483,57.536519,97.105443,134.224872,156.652987
2020-07-22,87.985437,57.464961,98.375518,135.738994,157.709493
2020-07-23,89.195885,58.732814,98.045243,135.008674,156.694727
2020-07-24,87.140319,59.510875,98.754979,134.823948,156.726097
2020-07-27,88.516596,60.962943,99.873592,134.936958,156.168212
2020-07-28,85.849448,60.436576,97.795494,134.365224,154.781321
2020-07-29,85.328544,59.538033,96.884355,133.207809,154.589274
2020-07-30,87.319033,60.137115,97.700239,133.634712,155.91766
2020-07-31,87.910038,59.766502,97.551232,133.899693,158.121567
2020-08-03,88.524744,60.731918,98.03645,132.438038,156.699113
2020-08-04,89.100218,62.244185,100.864155,132.271665,156.866482
2020-08-05,89.306018,61.777138,100.619703,131.43902,156.735327
2020-08-06,87.188027,60.764985,99.665215,132.305834,155.33777
2020-08-07,87.32201,59.735206,98.008562,134.082095,153.491267
2020-08-10,87.446317,58.731161,96.924096,133.771103,153.596573
2020-08-11,86.573233,58.711248,96.448441,135.128338,152.196756
2020-08-12,86.122295,58.343167,95.762534,134.917456,151.225353
2020-08-13,83.501776,56.32125,93.605883,135.148255,149.432501
2020-08-14,83.356983,56.496865,94.37497,134.773066,150.058321
2020-08-17,84.810212,57.377336,95.144379,133.391721,149.503588
2020-08-18,87.387736,58.885794,96.821037,133.223033,149.074117
2020-08-19,89.886528,58.853329,97.382591,132.029102,148.532361
2020-08-20,87.93608,58.977043,96.341576,132.392419,148.664671
2020-08-21,90.2111,58.634167,97.117334,130.615772,147.297275
2020-08-24,89.196468,58.885888,95.929863,132.537444,145.872669
2020-08-25,87.329147,57.287853,95.48316,131.612013,146.106254
2020-08-26,89.280259,58.435497,97.736368,130.921312,148.005482
2020-08-27,94.069952,60.120529,100.011501,129.88059,148.5164
2020-08-28,95.910887,59.675634,101.28709,129.711584,147.916419
2020-08-31,96.46383,59.697159,101.82973,130.49356,147.530007
2020-09-01,95.168869,59.807276,101.440503,129.909751,148.875767
2020-09-02,93.715793,59.50375,100.297931,130.759638,148.409316
2020-09-03,92.970758,59.760653,99.386741,132.379306,150.56459
2020-09-04,94.010107,60.204613,99.888777,132.346324,152.650408
2020-09-07,94.903798,60.857642,100.754843,133.431925,154.764072
2020-09-08,94.224841,59.619453,99.337201,133.38987,155.074543
2020-09-09,94.800956,60.508317,100.608559,134.424248,155.064672
2020-09-10,98.134294,60.902163,101.017535,135.193467,157.126643
2020-09-11,96.661618,60.14274,99.559348,137.489035,157.35102
2020-09-14,96.719874,60.120978,99.065602,138.805003,158.182692
2020-09-15,96.121569,60.775782,99.345327,139.830609,157.493031
2020-09-16,97.345222,61.420987,100.426654,137.057559,156.209614
2020-09-17,98.0045,62.630556,101.601692,137.812121,156.565661
2020-09-18,98.54207,62.163619,100.763455,139.600061,156.283819
2020-09-21,99.994056,63.945448,101.654772,141.596504,155.852609
2020-09-22,98.47804,63.116256,101.671942,141.402628,153.794441
2020-09-23,101.275693,63.285452,102.292822,140.497531,155.62003
2020-09-24,100.972651,63.54412,101.834366,140.535365,155.30048
2020-09-25,98.260347,61.460439,99.313133,137.986656,151.357082
2020-09-28,96.475722,62.195647,99.901097,138.655375,149.711606
2020-09-29,98.95396,62.123362,100.726706,138.834842,150.761765
2020-09-30,98.333965,61.640686,100.431111,139.752971,150.641025
2020-10-01,97.804243,61.565042,100.494782,139.917601,151.465883
2020-10-02,101.827018,62.987105,102.756159,140.651247,150.164703
2020-10-05,101.204437,63.422046,102.828248,140.146614,150.502302
2020-10-06,103.236868,64.768864,104.05348,139.610551,151.343502
2020-10-07,101.787325,65.53053,103.978982,139.884713,152.004229
2020-10-08,102.747879,67.77755,105.355609,138.53685,151.081961
2020-10-09,103.913786,67.979852,106.198038,138.221563,150.506284
2020-10-12,103.682971,68.442749,106.375978,138.252235,150.542995
2020-10-13,105.981166,69.025301,107.281241,137.671814,150.567247
2020-10-14,104.108578,67.110439,107.547158,136.617558,150.445384
2020-10-15,100.948483,64.156358,104.927887,136.349129,150.120452
2020-10-16,102.838642,64.642071,105.227947,136.338477,147.996638
2020-10-19,101.216899,64.791147,104.813442,136.82965,149.535742
2020-10-20,100.098092,64.114411,104.848664,136.402752,148.844036
2020-10-21,105.498424,64.888216,106.777909,135.796715,147.602466
2020-10-22,106.883477,66.211993,108.724222,135.427491,148.5768
2020-10-23,109.601926,66.987102,109.496372,135.174625,147.776784
2020-10-26,105.094625,65.530922,107.513769,136.654407,149.396304
2020-10-27,104.510466,64.55799,107.320867,137.004875,148.350301
2020-10-28,100.66958,64.104633,105.310523,135.943299,147.149913
2020-10-29,98.537747,62.400562,103.435038,135.613336,146.988951
2020-10-30,99.433608,63.448699,103.376851,136.446796,146.510122
2020-11-02,98.506173,62.981043,103.451728,137.317872,146.354694
2020-11-03,99.827762,62.487151,103.937266,135.714905,146.474553
2020-11-04,100.562508,61.249987,104.258968,136.094817,146.917044
2020-11-05,102.456896,62.451499,106.212457,133.795524,146.775618
2020-11-06,102.47018,61.764877,105.796808,133.385307,147.775266
2020-11-09,99.454539,61.382272,105.016213,133.920245,149.442084
2020-11-10,100.397415,61.428801,106.236611,133.763727,150.9446
2020-11-11,101.790753,62.765252,107.624746,132.792549,151.203129
2020-11-12,101.099367,62.488764,107.099716,134.430266,149.938374
2020-11-13,100.042738,62.077156,106.451988,132.382798,150.105637
2020-11-16,101.389169,62.195213,106.735164,133.087017,147.896394
2020-11-17,99.760192,61.158503,105.597151,134.278256,146.767139
2020-11-18,98.582336,62.28974,105.126541,133.846822,148.195309
2020-11-19,97.354161,61.158786,104.519218,132.937844,147.43735
2020-11-20,97.43371,61.581399,104.684391,132.580904,147.94196
2020-11-23,100.238942,61.859982,105.775721,133.711377,147.381899
2020-11-24,99.212235,61.456178,105.255006,131.495238,145.782576
2020-11-25,97.174369,61.512188,105.384656,131.026053,145.032954
2020-11-26,98.02287,61.137106,105.446234,131.365048,144.39461
2020-11-27,94.829002,59.851271,103.8685,131.052483,142.761474
2020-11-30,95.427431,60.456547,104.624917,130.62613,141.676264
2020-12-01,96.935582,60.681836,104.661994,131.603225,141.963621
2020-12-02,96.359446,62.189151,105.913877,131.392439,142.585157
2020-12-03,95.505178,60.611716,105.687097,130.255816,144.250426
2020-12-04,94.865998,60.125483,105.29884,131.347391,144.90286
2020-12-07,96.796389,61.754615,106.924385,132.652637,145.531855
2020-12-08,97.747756,62.792968,108.723033,133.455822,144.603813
2020-12-09,96.275445,62.401035,107.250062,131.831047,142.898217
2020-12-10,94.887899,61.370623,106.602902,132.790815,141.180727
2020-12-11,93.528329,60.631724,105.656862,133.65757,141.474403
2020-12-14,91.924991,59.860393,104.5661,133.584174,142.120362
2020-12-15,92.852488,58.732395,104.025931,133.417197,140.59474
2020-12-16,94.191195,57.753207,103.072548,134.422448,140.140474
2020-12-17,96.530805,58.149826,104.011836,136.245494,140.659261
2020-12-18,88.220032,54.43383,98.83674,140.115574,142.702698
2020-12-21,89.855672,55.635562,99.407251,139.935045,142.290334
2020-12-22,90.496332,55.62949,101.675574,139.825245,141.978328
2020-12-23,89.552977,55.274468,101.254944,140.398103,144.687054
2020-12-24,91.005177,56.472294,101.245187,139.882864,143.9882
2020-12-25,91.083719,56.104246,101.926237,139.214362,144.38687
2020-12-28,92.711908,57.354103,102.057262,140.622665,143.304041
2020-12-29,92.664507,57.600813,101.4711,141.014855,142.768682
2020-12-30,95.511739,58.842447,103.706014,141.624552,145.826549
2020-12-31,95.571784,60.021965,104.091661,140.227134,145.80922
2021-01-01,94.782022,59.08911,102.899675,139.489058,143.980133
2021-01-04,92.335687,58.136743,102.30953,140.907513,144.181858
2021-01-05,91.367348,58.071148,102.623126,142.671092,143.83201
2021-01-06,91.774742,58.193983,103.713967,143.807739,144.115418
2021-01-07,91.679181,57.967163,102.66219,142.443014,141.847525
2021-01-08,91.528371,58.453843,102.602057,143.65879,143.249693
2021-01-11,88.690232,56.860226,101.570242,142.287937,143.739516
2021-01-12,86.818714,54.730567,99.612392,141.971838,140.422361
2021-01-13,85.386229,54.343866,98.994552,141.523361,140.444783
2021-01-14,86.518412,54.94059,99.895691,140.310817,140.043555
2021-01-15,89.080942,56.066476,101.580431,140.726116,139.380444
2021-01-18,90.525329,57.144761,103.525889,140.326708,139.788465
2021-01-19,88.098039,55.862819,101.831279,140.445668,138.541907
2021-01-20,85.260347,54.925381,99.567547,141.100807,139.021108
2021-01-21,86.559025,56.20537,101.072733,139.089441,142.182228
2021-01-22,87.289068,56.155723,101.028523,140.404132,141.852235
2021-01-25,86.408914,56.250194,100.573616,141.178232,142.296602
2021-01-26,84.973356,55.932912,98.885363,142.158843,141.031716
2021-01-27,85.156916,57.114529,99.35897,143.401909,140.938527
2021-01-28,85.853304,56.372392,98.585583,142.653778,142.318129
2021-01-29,86.620728,56.811274,100.286723,143.21751,145.433988
2021-02-01,85.071082,57.191679,99.995211,143.446137,142.694904
2021-02-02,90.294424,58.40829,102.652195,142.588111,140.620064
2021-02-03,90.266746,58.262946,101.803161,142.30587,138.939239
2021-02-04,89.80095,57.515281,101.010138,142.435195,136.821512
2021-02-05,88.238904,57.170334,100.974432,142.034371,134.670593
2021-02-08,88.222062,56.661974,100.454888,142.431796,132.85281
2021-02-09,88.293108,57.980421,101.396785,142.859366,132.055471
2021-02-10,86.737077,56.473513,99.783757,143.151058,131.648709
2021-02-11,89.379838,57.10604,100.347753,143.00714,133.28509
2021-02-12,87.117427,56.649516,99.586583,140.919971,133.275692
2021-02-15,90.239923,56.71166,101.331163,140.768579,132.816538
2021-02-16,87.798607,55.296749,100.597368,141.009195,131.930616
2021-02-17,89.850719,55.222077,101.01538,141.047788,133.800188
2021-02-18,88.822817,54.876722,100.188338,140.135465,136.673659
2021-02-19,88.921435,53.949264,99.273153,140.667301,138.105851
2021-02-22,92.820004,56.34216,101.96143,139.983023,140.288159
2021-02-23,93.073461,56.983804,101.782142,140.038452,140.189565
2021-02-24,94.507119,57.65266,102.415128,137.988096,140.426763
2021-02-25,92.445818,56.439254,100.047218,138.264337,140.17218
2021-02-26,94.473824,56.4875,100.720716,137.49827,140.190488
2021-03-01,94.955904,56.369153,101.009454,137.835641,139.840237
2021-03-02,94.146007,56.496244,100.88744,138.328179,141.914466
2021-03-03,94.402324,57.027156,100.647618,138.983936,140.694575
2021-03-04,94.579697,58.122222,101.791721,140.071262,139.809132
2021-03-05,95.814572,60.373747,104.463705,140.529933,142.6392
2021-03-08,93.067133,59.750378,102.602425,140.809874,143.661668
2021-03-09,95.827469,59.986437,103.047085,141.323752,145.977766
2021-03-10,99.277231,61.035745,104.130985,141.215295,144.54396
2021-03-11,99.321016,61.251365,104.613707,142.520866,146.008389
2021-03-12,97.493581,60.557029,102.589764,143.064888,145.894228
2021-03-15,96.780261,59.324639,101.964543,143.778724,147.318497
2021-03-16,98.240595,59.868901,102.035556,144.269526,145.527615
2021-03-17,98.279035,59.221479,101.975525,143.703588,145.40514
2021-03-18,98.434672,59.148826,101.314499,144.42289,146.00947
2021-03-19,96.569189,58.072452,98.977619,146.231305,147.870825
2021-03-22,95.783604,57.155475,97.349698,145.922258,148.6336
2021-03-23,96.734917,58.543808,98.417456,146.504894,149.002184
2021-03-24,98.429756,59.0044,97.020917,146.496956,149.189136
2021-03-25,95.39372,58.204159,94.784835,148.367955,148.315995
2021-03-26,97.478276,59.079316,97.048486,147.134397,148.030885
2021-03-29,97.276935,59.014096,96.69673,148.046198,148.367656
2021-03-30,94.571334,57.799154,95.483173,149.107081,149.320689
2021-03-31,92.813904,57.059399,94.597838,147.728873,149.149408
2021-04-01,92.836804,56.134935,94.301043,147.870258,149.114674
2021-04-02,92.088105,56.031012,94.134362,145.880863,149.370089
2021-04-05,92.627887,56.089591,94.112007,145.308698,147.063039
2021-04-06,93.875317,56.481701,95.080236,145.675326,147.698964
2021-04-07,94.628057,56.31966,95.185765,147.713497,150.977095
2021-04-08,95.144822,57.114763,95.127241,147.752337,152.183925
2021-04-09,96.433222,58.35157,96.815554,147.264255,154.505087
2021-04-12,98.455248,59.003402,98.261234,147.386855,153.430662
2021-04-13,98.529402,59.493421,97.466375,145.717978,150.624352
2021-04-14,94.629675,58.653116,96.461951,145.847657,150.798109
2021-04-15,94.297415,58.390815,96.031846,145.139057,151.407012
2021-04-16,89.815423,56.673867,93.794312,145.194672,150.77585
2021-04-19,90.560815,56.185293,92.73354,146.299685,151.125891
2021-04-20,90.742542,55.745444,92.998754,144.910223,149.908176
2021-04-21,92.576927,55.358338,93.176151,144.861719,149.806852
2021-04-22,93.907478,55.451559,93.610751,148.211021,150.991793
2021-04-23,94.65742,56.369943,94.666637,148.231411,150.287081
2021-04-26,93.549841,55.817287,93.810674,148.580307,148.788397
2021-04-27,95.066952,56.89897,95.131429,147.903336,150.654521
2021-04-28,94.169963,56.908123,94.393656,148.05675,148.822125
2021-04-29,90.528686,55.516127,92.429537,150.219279,150.062105
2021-04-30,91.966389,56.39377,93.22239,149.374991,149.043102
2021-05-03,92.866622,57.014267,93.7332,148.67356,148.981239
2021-05-04,94.4693,58.229444,94.901404,149.18816,151.06115
2021-05-05,95.221097,58.702975,94.180582,149.604931,150.972115
2021-05-06,94.367615,57.900875,93.012501,150.282077,152.450833
2021-05-07,95.754929,59.896473,94.10487,150.360208,152.870078
2021-05-10,94.934632,60.085124,94.307361,151.043572,152.250261
2021-05-11,94.475323,60.50367,94.218976,150.886031,153.45778
2021-05-12,94.570607,61.049175,95.482787,149.328816,152.16752
2021-05-13,95.795134,62.276561,96.960696,148.45064,153.637087
2021-05-14,98.078564,62.642696,97.47511,147.905716,154.086785
2021-05-17,99.061441,63.326347,97.124753,148.467773,152.77209
2021-05-18,95.59729,62.430463,95.221153,150.068125,153.42653
2021-05-19,97.97199,62.814538,96.198808,150.027022,152.895969
2021-05-20,97.892882,62.034204,95.47926,149.153674,154.750863
2021-05-21,98.335847,62.267007,95.588612,148.312706,153.903893
2021-05-24,97.943253,62.332655,95.859303,146.345006,155.539251
2021-05-25,97.487184,61.654646,95.316535,145.893891,156.109721
2021-05-26,99.122313,61.79051,95.954623,144.882842,154.57811
2021-05-27,97.111391,62.438897,95.780366,144.15894,154.085862
2021-05-28,96.089232,62.660451,95.526961,143.631354,153.463811
2021-05-31,93.838765,61.923596,94.328942,143.932187,152.085856
2021-06-01,94.476132,61.599264,94.976493,144.51127,151.90759
2021-06-02,96.556121,61.582131,95.5581,144.364311,152.026208
2021-06-03,94.907288,61.089627,94.874039,144.668986,153.373874
2021-06-04,96.866953,61.757549,96.127867,143.05509,153.311213
2021-06-07,95.090453,60.944866,94.695534,143.160647,153.652552
2021-06-08,97.499647,62.029927,96.214323,142.255195,154.053447
2021-06-09,97.56479,62.417104,96.464219,142.238712,151.624731
2021-06-10,96.156678,62.168506,95.64142,141.682758,152.979438
2021-06-11,97.177124,63.477716,96.528349,141.789555,151.78799
2021-06-14,98.111148,63.936356,97.996931,140.695533,152.485789
2021-06-15,100.263278,64.794539,100.623495,139.271749,154.636557
2021-06-16,98.370124,64.372025,99.300062,139.150214,153.689106
2021-06-17,99.628673,65.308717,100.331288,138.175613,152.590363
2021-06-18,98.36135,66.5304,100.09012,137.988265,153.900848
2021-06-21,99.007206,66.363776,100.046965,136.370244,151.172202
2021-06-22,97.890815,66.022192,100.085777,137.798645,153.782825
2021-06-23,96.694211,66.01981,100.577281,138.562973,153.432602
2021-06-24,96.709606,65.586445,99.704192,137.648255,152.158845
2021-06-25,97.266122,64.559578,98.467644,139.314837,152.239031
2021-06-28,95.648789,63.322914,98.755991,139.586187,150.841503
2021-06-29,92.919298,62.21752,97.736367,139.700879,150.131571
2021-06-30,90.528198,62.222755,96.637556,136.826464,148.603556
2021-07-01,92.49974,62.528608,97.48387,136.339735,147.679025
2021-07-02,89.360151,62.035222,97.270797,134.961165,145.479744
2021-07-05,87.083672,61.432885,94.996639,134.550317,142.224787
2021-07-06,86.036974,62.324836,94.412051,133.698598,142.64259
2021-07-07,86.875788,62.023907,96.147549,133.732801,144.584107
2021-07-08,86.375432,60.942322,96.689857,132.421355,146.020036
2021-07-09,88.120244,62.343559,99.045078,130.77998,142.548358
2021-07-12,83.667709,60.248987,96.449361,130.406425,142.20167
2021-07-13,85.617491,61.460995,97.774954,128.874683,141.979092
2021-07-14,88.57964,63.157469,100.658315,129.390482,141.310848
2021-07-15,88.556024,64.297603,100.467533,125.471792,142.125193
2021-07-16,88.811566,63.055091,98.924948,124.914272,140.515275
2021-07-19,87.950441,62.512411,97.411765,123.064506,140.314423
2021-07-20,87.930758,63.265768,99.35658,121.692001,140.475554
2021-07-21,89.974926,62.93389,99.906501,122.336805,141.826709
2021-07-22,91.509581,64.791214,101.501455,121.973397,139.461151
2021-07-23,93.229418,65.855906,101.767693,119.79773,138.69794
2021-07-26,93.090054,65.753419,100.64213,118.698785,139.980205
2021-07-27,91.466615,64.104524,99.216589,117.606683,140.163984
2021-07-28,91.539441,64.506705,97.208697,116.727495,140.377209
2021-07-29,90.706773,63.550673,97.68343,116.225823,142.606894
2021-07-30,87.585481,62.075317,95.418154,114.879642,141.897961
2021-08-02,84.515008,58.841983,94.216832,114.170081,140.709836
2021-08-03,87.953497,59.669171,96.620213,111.669145,139.920379
2021-08-04,88.98023,57.523066,96.636551,109.645388,138.938463
2021-08-05,88.193354,55.897861,95.48347,108.328461,140.984877
2021-08-06,86.973694,58.020806,97.839039,105.848201,138.619604
2021-08-09,87.207326,56.753481,96.033376,106.400588,140.039839
2021-08-10,85.712666,55.230562,93.965003,106.628769,137.911486
2021-08-11,86.866788,57.39256,96.367366,105.879444,137.466565
2021-08-12,87.931501,57.139294,95.289957,106.116802,136.023999
2021-08-13,89.156084,58.183785,96.570099,106.01252,137.228679
2021-08-16,87.455737,57.474891,95.277378,106.06795,136.279306
2021-08-17,86.572415,58.523028,95.196179,106.221145,137.39153
2021-08-18,88.701946,59.776558,96.26398,105.924479,137.493422
2021-08-19,86.604614,60.461414,96.507812,105.823745,137.194754
2021-08-20,85.790817,59.253842,95.748758,106.712556,138.677757
2021-08-23,86.18029,59.824612,96.989282,106.375978,138.605258
2021-08-24,83.739467,59.286268,96.676094,106.516873,138.615456
2021-08-25,85.133845,59.308519,96.867735,105.676511,138.094043
2021-08-26,84.073371,58.66852,97.006545,104.783942,136.740858
2021-08-27,83.363733,58.719741,96.313605,104.776199,136.061182
2021-08-30,85.098846,60.104011,97.744762,103.937339,137.487458
2021-08-31,85.982167,60.164462,97.975738,103.161372,139.065205
2021-09-01,85.430585,60.128972,98.365545,103.466639,137.020394
2021-09-02,84.851029,59.167277,97.776541,103.647182,138.813852
2021-09-03,86.044142,61.227623,98.629872,103.449417,138.577411
2021-09-06,87.327549,61.022996,98.76269,102.536045,139.32147
2021-09-07,90.240817,62.398933,99.470346,102.807195,139.874619
2021-09-08,90.96187,62.556418,99.736238,101.600272,138.107432
2021-09-09,89.898798,61.804661,98.44268,100.884581,136.791454
2021-09-10,92.182493,62.278819,99.727598,100.8426,135.629415
2021-09-13,92.28376,61.683608,98.631209,100.985324,136.101661
2021-09-14,92.110795,62.180059,98.708984,99.842297,138.705756
2021-09-15,91.242147,61.639633,98.156042,100.090561,137.942925
2021-09-16,92.415348,61.951666,98.489665,99.661323,139.418743
2021-09-17,91.459246,62.622589,97.707614,99.304433,141.388804
2021-09-20,92.532566,63.701134,98.954385,98.91571,139.905262
2021-09-21,90.034826,63.154808,97.229791,99.555805,138.645254
2021-09-22,91.83917,63.700782,99.34633,98.627808,139.368689
2021-09-23,90.711534,63.283487,99.18819,99.922692,140.79916
2021-09-24,88.011116,61.828195,98.349007,100.30805,143.17211
2021-09-27,88.176747,61.847375,97.899912,100.397466,141.608469
2021-09-28,86.301123,61.267416,96.061734,101.343754,141.02506
2021-09-29,83.909526,60.276781,94.829259,101.363757,141.767216
2021-09-30,86.47403,62.410929,96.365671,100.341897,142.206022
2021-10-01,85.897046,61.564399,94.884984,100.659317,143.105254
2021-10-04,88.168454,62.804899,97.394448,99.574015,142.436063
2021-10-05,87.25434,61.518968,96.495222,99.641837,140.11584
2021-10-06,91.25756,62.665481,98.460581,98.69333,140.976333
2021-10-07,92.099365,63.814443,98.93124,99.008221,142.359052
2021-10-08,93.224275,65.415592,100.076922,100.732087,144.410589
2021-10-11,93.47908,65.279797,99.914092,100.171716,146.18907
2021-10-12,92.936605,65.517331,100.440581,99.724531,147.533158
2021-10-13,90.876371,63.377194,97.590641,100.435298,144.409651
2021-10-14,89.821606,62.514337,96.231361,99.117356,144.555055
2021-10-15,88.325978,61.546933,94.966136,98.063246,143.704462
2021-10-18,89.809726,62.262521,95.478969,97.455864,142.460603
2021-10-19,90.942495,62.752748,95.458771,97.67814,141.208377
2021-10-20,94.520806,64.242865,95.893158,97.515883,142.215818
2021-10-21,95.837276,65.15896,96.150393,98.360991,141.018008
2021-10-22,94.548906,64.930027,95.424527,97.536206,142.500475
2021-10-25,94.309315,65.851324,94.60377,98.484469,142.124269
2021-10-26,94.059327,65.661365,94.543876,99.249567,142.64324
2021-10-27,92.650077,64.338715,93.955629,99.630923,143.687476
2021-10-28,93.519406,64.929713,93.290683,99.8236,143.378189
2021-10-29,93.633463,65.225664,92.637798,99.116467,145.854588
2021-11-01,89.396013,61.928803,89.690633,99.470583,144.485807
2021-11-02,88.549979,61.332922,89.053835,99.532656,144.840969
2021-11-03,88.343088,62.281645,90.85067,99.67166,144.740679
2021-11-04,88.071855,62.095833,90.80521,100.138569,144.417791
2021-11-05,87.272034,62.238676,90.889217,100.275596,145.495656
2021-11-08,85.797604,61.861485,89.278993,100.310867,144.226611
2021-11-09,87.247907,63.186292,91.098329,100.984123,143.599759
2021-11-10,90.077497,64.148521,91.973015,102.109036,142.979229
2021-11-11,93.129986,65.235444,93.887404,101.648184,142.8383
2021-11-12,96.402249,65.78167,94.180026,101.407437,140.866062
2021-11-15,95.72424,64.90354,93.274563,100.567596,138.597195
2021-11-16,98.191552,64.734023,94.828254,100.403059,139.128167
2021-11-17,98.961842,64.27299,94.363802,100.644234,140.069928
2021-11-18,98.373003,64.251847,93.823576,101.603833,140.021075
2021-11-19,97.039507,63.555648,94.255187,102.033027,139.519398
2021-11-22,95.285343,63.10758,92.701758,102.523616,138.516265
2021-11-23,96.834731,62.436518,93.319473,102.298621,137.626963
2021-11-24,99.401854,62.889373,95.743186,100.730559,134.577133
2021-11-25,94.886181,59.897473,94.069649,101.764288,134.3205
2021-11-26,95.533526,60.689379,95.019779,101.756444,132.914737
2021-11-29,96.505867,61.343811,95.771627,102.204116,133.889549
2021-11-30,96.840985,61.414886,97.0515,101.558209,133.529872
2021-12-01,97.689085,62.311223,98.853134,99.784205,131.815562
2021-12-02,97.683823,60.901268,98.164859,99.055884,131.925
2021-12-03,98.003899,60.805919,98.195998,98.801703,132.768323
2021-12-06,96.21396,59.19469,96.995234,98.569748,133.367364
2021-12-07,94.043457,58.469265,96.849833,97.960887,133.00163
2021-12-08,92.753124,58.318646,96.490083,98.026919,136.057956
2021-12-09,93.63409,58.812224,97.611609,98.246912,137.04475
2021-12-10,95.952441,60.211386,99.604534,97.358236,136.21484
2021-12-13,96.610176,60.221931,100.058187,97.207088,136.359813
2021-12-14,95.896756,59.72012,100.637441,96.674006,136.925202
2021-12-15,95.414813,59.029976,100.772434,95.589327,136.048386
2021-12-16,95.769736,59.30846,101.964196,95.89021,137.829175
2021-12-17,96.552604,58.083211,101.650879,95.800542,138.86427
2021-12-20,94.741475,57.061597,101.539701,95.432929,139.315903
2021-12-21,94.948367,56.534733,101.197532,96.256336,139.503774
2021-12-22,96.845919,56.946273,101.539329,96.011713,140.765513
2021-12-23,93.637443,54.936069,99.206987,95.318777,140.964865
2021-12-24,92.846918,53.777759,97.490189,96.26013,140.721671
2021-12-27,95.605506,54.534919,99.808964,96.609426,142.060241
2021-12-28,96.101644,55.811603,100.91074,96.833156,142.143754
2021-12-29,96.369957,55.537676,100.737068,97.237988,140.364438
2021-12-30,96.671312,55.075799,99.699426,97.520513,140.885519
2021-12-31,97.081211,54.953463,98.962242,96.895625,139.73699
2022-01-03,99.005753,55.888462,100.304395,95.082069,140.23797
2022-01-04,101.135991,56.914476,101.344631,95.898485,138.531877
2022-01-05,101.299053,57.03827,101.317375,96.180138,137.228287
2022-01-06,99.744697,56.007692,100.238734,96.637795,136.176416
2022-01-07,102.540268,55.663551,100.717901,97.579753,138.917202
2022-01-10,99.777284,54.13232,99.725013,98.286154,139.02429
2022-01-11,99.245483,54.209232,99.160117,98.840338,139.130873
2022-01-12,100.777705,55.780383,100.414064,99.945821,139.70708
2022-01-13,100.642606,56.11342,99.879292,100.261802,137.972632
2022-01-14,102.543005,56.576992,100.637627,101.047683,138.054945
2022-01-17,101.940748,56.971966,101.135933,102.046013,138.92718
2022-01-18,103.084866,58.896056,102.678631,101.830986,138.404801
2022-01-19,103.128568,60.410175,103.5223,101.186621,138.017834
2022-01-20,103.333754,59.337061,103.570635,101.459228,139.539233
2022-01-21,104.145111,58.786131,103.239354,101.484339,137.103578
2022-01-24,104.656094,58.366606,102.889236,101.850722,138.807379
2022-01-25,104.874224,57.671264,102.892991,100.979958,137.804175
2022-01-26,106.190097,57.77934,104.096572,101.580281,136.868023
2022-01-27,104.422244,57.38929,103.080117,101.015247,135.516713
2022-01-28,102.949419,55.813397,101.628251,101.610326,134.338133
2022-01-31,103.484617,57.874861,102.804633,101.26254,134.124534
2022-02-01,103.861658,58.17083,103.53621,101.40449,134.752825
2022-02-02,103.863665,58.544918,103.797335,100.930927,134.994786
2022-02-03,105.715702,59.747507,105.720535,101.501967,133.857567
2022-02-04,106.451941,60.030399,106.41987,102.510308,132.575054
2022-02-07,106.033727,59.231428,106.510668,102.721653,131.926692
2022-02-08,107.061724,59.345911,106.31468,103.375036,133.141707
2022-02-09,107.120594,58.803863,106.447545,103.57113,130.661615
2022-02-10,108.426602,59.489603,106.79327,103.363456,130.642574
2022-02-11,108.254368,58.911302,106.386396,104.359757,130.875555
2022-02-14,107.860646,57.768935,106.401885,105.443543,129.635496
2022-02-15,106.606144,58.736348,105.971613,104.777579,127.963812
2022-02-16,107.902646,59.47661,107.381116,104.110221,125.771141
2022-02-17,108.924732,60.109944,108.366145,103.515072,124.974485
2022-02-18,109.084868,59.981586,108.908003,103.696464,123.547328
2022-02-21,111.066874,60.5809,110.128022,103.866634,122.499419
2022-02-22,106.826511,58.63624,107.358386,104.291233,123.556064
2022-02-23,108.6563,60.532465,108.362583,104.074188,122.945391
2022-02-24,108.169999,59.969906,108.12071,102.919584,124.94491
2022-02-25,110.013946,60.121987,109.395478,103.229906,125.139051
2022-02-28,110.124608,61.794663,109.773707,103.472399,126.03465
2022-03-01,109.585103,61.984951,109.769465,103.544921,124.369172
2022-03-02,107.06116,61.542133,107.714909,104.249661,125.57148
2022-03-03,107.238545,60.317847,106.945238,105.051954,128.240521
2022-03-04,104.510736,59.398788,104.44758,103.93671,127.45481
2022-03-07,109.947109,60.040306,105.571877,103.305144,125.573914
2022-03-08,112.381545,60.427826,106.478696,102.347834,124.599863
2022-03-09,111.376035,59.590982,104.746587,103.096199,125.677882
2022-03-10,112.460623,59.811016,104.136907,103.724932,124.798115
2022-03-11,112.32337,59.658247,104.559119,104.203033,125.312214
2022-03-14,113.625727,59.237125,104.495889,103.815642,124.507523
2022-03-15,118.487289,60.603822,106.603944,102.304831,124.176565
2022-03-16,116.923197,60.581974,105.360005,102.912072,123.16629
2022-03-17,114.477033,61.06694,105.310197,101.596984,122.736023
2022-03-18,116.98571,61.452866,105.90076,100.33994,122.31761
2022-03-21,118.621092,62.796692,107.962007,99.865483,120.161121
2022-03-22,119.643458,62.79973,108.56805,100.542032,120.566596
2022-03-23,118.123334,62.015149,108.019745,101.386964,122.371405
2022-03-24,115.448411,60.404213,106.356251,102.418505,125.007375
2022-03-25,113.392464,60.278932,104.906709,101.905669,121.650684
2022-03-28,112.635384,60.638651,104.085387,102.857377,120.810799
2022-03-29,114.22732,61.646109,105.794615,103.199548,120.926993
2022-03-30,114.739847,62.430929,106.215944,102.411253,121.396476
2022-03-31,114.640455,62.710626,106.546896,102.442646,123.859515
2022-04-01,117.630475,64.024294,107.562504,102.068837,125.97726
2022-04-04,115.020198,62.438538,106.336863,103.194628,126.760021
2022-04-05,113.847077,62.55474,106.701974,103.645758,125.933197
2022-04-06,114.825081,62.703522,106.862544,102.765245,125.250062
2022-04-07,113.591652,63.154026,105.881555,102.992165,125.12669
2022-04-08,114.765422,64.425234,106.838076,103.514125,125.252062
2022-04-11,114.674855,65.219033,107.149382,104.043178,125.438236
2022-04-12,112.942052,64.150289,105.523171,104.02009,125.450359
2022-04-13,112.126617,63.263879,104.419766,104.611894,126.751069
2022-04-14,110.479174,62.137802,103.010387,105.30538,126.189598
2022-04-15,108.631182,60.85925,102.766945,104.825654,125.63117
2022-04-18,109.090753,61.026666,102.597786,105.730735,125.880971
2022-04-19,107.309299,61.290473,102.307264,105.567595,124.426516
2022-04-20,105.000423,59.90257,101.067191,106.020147,124.699225
2022-04-21,106.069906,59.996804,101.169401,104.858742,124.254117
2022-04-22,105.018568,59.381825,100.949531,104.197829,122.558391
2022-04-25,105.650227,58.954274,100.106094,105.312026,121.537143
2022-04-26,103.471306,58.844861,99.305301,104.283506,120.754363
2022-04-27,102.243301,57.285886,97.316513,105.189932,120.76436
2022-04-28,103.860235,58.028496,98.087588,105.186312,120.280798
2022-04-29,102.795069,57.608744,98.768151,104.799368,119.761312
2022-05-02,101.396129,56.642582,97.920413,105.742275,121.19877
2022-05-03,102.260259,56.571744,98.528627,105.959146,120.328834
2022-05-04,99.773796,55.531118,98.505736,106.348687,122.520119
2022-05-05,97.586427,55.091607,98.021082,105.9371,121.209908
2022-05-06,98.404081,55.807424,98.309745,106.516175,122.087823
2022-05-09,98.94708,56.080804,99.427587,106.77017,122.892448
2022-05-10,96.32297,55.381514,98.417213,106.139583,122.214296
2022-05-11,96.759592,54.460028,98.205785,106.774834,120.979717
2022-05-12,95.095229,53.26198,96.976541,107.578245,120.604237
2022-05-13,94.663054,53.831832,96.451129,108.064993,121.922395
2022-05-16,95.830122,53.328835,95.308938,108.579648,122.561844
2022-05-17,95.49743,53.760988,94.820576,107.948876,123.042335
2022-05-18,94.714223,53.826624,94.199612,108.218615,123.658007
2022-05-19,92.539853,53.092277,92.671065,109.106065,122.611941
2022-05-20,91.721873,54.569552,92.92524,109.63164,121.846983
2022-05-23,92.473077,54.683542,93.805746,109.177985,122.423923
2022-05-24,89.815346,52.104717,90.889385,110.621126,122.508754
2022-05-25,88.926035,51.696422,90.575576,110.907321,123.073973
2022-05-26,88.573648,51.427167,90.659757,110.246217,123.257874
2022-05-27,89.933719,52.206496,92.693272,111.12081,122.584093
2022-05-30,88.917663,52.171567,91.918773,111.283417,123.600435
2022-05-31,89.119876,52.611783,92.279264,111.855304,123.502374
2022-06-01,90.587928,53.004921,93.003035,112.560737,121.242587
2022-06-02,91.739688,52.273952,93.643706,112.550053,123.135898
2022-06-03,92.516473,52.592219,94.793753,113.919888,125.813962
2022-06-06,94.26592,52.067683,94.71205,113.006189,124.096988
2022-06-07,95.211337,52.864686,95.474308,113.93548,126.127803
2022-06-08,94.193297,53.519001,95.666766,114.29371,127.016146
2022-06-09,94.699397,53.914322,95.794355,114.043498,126.263601
2022-06-10,97.380668,55.094773,97.524512,115.445574,126.647485
2022-06-13,96.305219,54.570652,96.748139,115.399221,127.931494
2022-06-14,96.188866,53.942501,96.385678,115.881351,130.584733
